URL_ID,URL,POSITIVE SCORE,NEGATIVE SCORE,POLARITY SCORE,SUBJECTIVITY SCORE,AVG SENTENCE LENGTH,PERCENTAGE OF COMPLEX WORDS,FOG INDEX,AVG NUMBER OF WORDS PER SENTENCE,COMPLEX WORD COUNT,WORD COUNT,SYLLABLE PER WORD,PERSONAL PRONOUNS,AVG WORD LENGTH
1,https://insights.blackcoffer.com/how-is-login-logout-time-tracking-for-employees-in-office-done-by-ai/,4,5,-0.111111099,0.017578125,22.26086957,0.900390625,9.264504076,22.26086957,723,512,723,3,5.4765625
2,https://insights.blackcoffer.com/how-does-ai-help-to-monitor-retail-shelf-watches/,9,6,0.199999987,0.033482143,16.59259259,0.917410714,7.004001323,16.59259259,653,448,653,2,5.810267857
3,https://insights.blackcoffer.com/ai-and-its-impact-on-the-fashion-industry/,31,23,0.148148145,0.041763341,17.01315789,0.891724671,7.161953026,17.01315789,1821,1293,1821,7,5.850734725
4,https://insights.blackcoffer.com/how-do-deep-learning-models-predict-old-and-new-drugs-that-are-successfully-treated-in-healthcare/,4,1,0.59999988,0.017064846,20.92857143,0.911262799,8.735933691,20.92857143,434,293,434,1,6.044368601
5,https://insights.blackcoffer.com/how-artificial-intelligence-can-boost-your-productivity-level/,11,13,-0.08333333,0.045889101,14.13513514,0.93499044,6.02805023,14.13513514,774,523,774,17,5.315487572
6,https://insights.blackcoffer.com/how-are-genetic-sequencing-maps-affected-by-deep-learning-and-ai/,15,12,0.111111107,0.033169533,17.31914894,0.914004914,7.29326154,17.31914894,1174,814,1174,2,5.936117936
7,https://insights.blackcoffer.com/how-is-ai-used-to-solve-traffic-management/,20,23,-0.06976744,0.041148325,17.41666667,0.914832536,7.332599681,17.41666667,1388,1045,1388,1,5.910047847
8,https://insights.blackcoffer.com/benefits-of-big-data-in-different-fields/,32,11,0.488372082,0.043129388,17.49122807,0.894684052,7.354364849,17.49122807,1376,997,1376,7,5.614844534
9,https://insights.blackcoffer.com/how-big-data-will-impact-the-future-of-business/,35,10,0.555555543,0.044422507,14.26760563,0.889437315,6.062817179,14.26760563,1379,1013,1379,3,5.545903258
10,https://insights.blackcoffer.com/how-will-ai-make-decisions-in-tomorrows-wars/,7,16,-0.391304331,0.054892601,12.32352941,0.866348449,5.275951144,12.32352941,606,419,606,1,5.31026253
11,https://insights.blackcoffer.com/which-one-is-better-ai-or-big-data/,8,2,0.59999994,0.020449898,15.28125,0.903885481,6.474054192,15.28125,679,489,679,1,5.419222904
12,https://insights.blackcoffer.com/how-robots-can-help-in-e-learning-platforms/,19,28,-0.191489358,0.053469852,12.92647059,0.928327645,5.541919293,12.92647059,1372,879,1372,19,5.416382253
13,https://insights.blackcoffer.com/how-does-big-data-help-in-finance-and-the-growth-of-large-firms/,5,3,0.249999969,0.027118644,11.8,0.891525424,5.076610169,11.8,423,295,423,0,5.789830508
14,https://insights.blackcoffer.com/future-of-work-robot-ai-and-automation/,11,7,0.22222221,0.045918367,15.07692308,0.943877551,6.408320251,15.07692308,600,392,600,5,5.788265306
15,https://insights.blackcoffer.com/how-ai-will-help-the-defense-power-of-a-country/,14,37,-0.450980383,0.052093973,10.64130435,0.882533197,4.609535018,10.64130435,1458,979,1458,6,5.338100102
16,https://insights.blackcoffer.com/future-of-ai-and-machine-roles-in-the-medical-sector/,14,6,0.39999998,0.033557047,17.02857143,0.92114094,7.179884947,17.02857143,969,596,969,6,5.380872483
17,https://insights.blackcoffer.com/ai-in-healthcare-to-improve-patient-outcomes/,24,16,0.199999995,0.029239766,18.24,0.899853801,7.65594152,18.24,1853,1368,1853,1,6.111842105
18,https://insights.blackcoffer.com/what-if-the-creation-is-taking-over-the-creator/,24,33,-0.157894734,0.056603774,12.74683544,0.896722939,5.457423353,12.74683544,1520,1007,1520,7,5.048659384
19,https://insights.blackcoffer.com/what-jobs-will-robots-take-from-humans-in-the-future/,27,36,-0.142857141,0.051302932,14.61904762,0.884364821,6.201364976,14.61904762,1754,1228,1754,2,5.947882736
20,https://insights.blackcoffer.com/will-machine-replace-the-human-in-the-future-of-work/,30,19,0.224489791,0.04588015,11.73626374,0.936329588,5.06903733,11.73626374,1693,1068,1693,17,5.288389513
21,https://insights.blackcoffer.com/will-ai-replace-us-or-work-with-us/,26,23,0.061224489,0.040462428,15.93421053,0.917423617,6.740653657,15.93421053,1818,1211,1818,12,5.447563997
22,https://insights.blackcoffer.com/man-and-machines-together-machines-are-more-diligent-than-humans-blackcoffe/,28,18,0.2173913,0.053117783,15.74545455,0.914549654,6.66400168,15.74545455,1334,866,1334,13,5.300230947
23,https://insights.blackcoffer.com/in-future-or-in-upcoming-years-humans-and-machines-are-going-to-work-together-in-every-field-of-work/,11,4,0.466666636,0.028957529,11.77272727,0.870656371,5.057353457,11.77272727,762,518,762,7,5.409266409
24,https://insights.blackcoffer.com/how-neural-networks-can-be-applied-in-various-areas-in-the-future/,43,23,0.303030298,0.062205466,15.8358209,0.934024505,6.70793816,15.8358209,1623,1061,1623,14,5.369462771
25,https://insights.blackcoffer.com/how-machine-learning-will-affect-your-business/,11,6,0.29411763,0.035051546,13.85714286,0.907216495,5.905743741,13.85714286,740,485,740,2,5.121649485
26,https://insights.blackcoffer.com/deep-learning-impact-on-areas-of-e-learning/,26,32,-0.103448274,0.039348711,18.425,0.925373134,7.740149254,18.425,2295,1474,2295,5,5.47761194
27,https://insights.blackcoffer.com/how-to-protect-future-data-and-its-privacy-blackcoffer/,15,37,-0.423076915,0.034759358,16.62222222,0.923128342,7.018140226,16.62222222,2107,1496,2107,1,5.072192513
28,https://insights.blackcoffer.com/how-machines-ai-automations-and-robo-human-are-effective-in-finance-and-banking/,17,17,0,0.041717791,14.29824561,0.92392638,6.088868798,14.29824561,1221,815,1221,8,6.117791411
29,https://insights.blackcoffer.com/ai-human-robotics-machine-future-planet-blackcoffer-thinking-jobs-workplace/,15,18,-0.090909088,0.034303534,12.025,0.926195426,5.18047817,12.025,1329,962,1329,5,5.123700624
30,https://insights.blackcoffer.com/how-ai-will-change-the-world-blackcoffer/,22,18,0.099999998,0.040816326,16.33333333,0.883673469,6.886802721,16.33333333,1665,980,1665,21,5.742857143
31,https://insights.blackcoffer.com/future-of-work-how-ai-has-entered-the-workplace/,24,13,0.297297289,0.033035714,14,0.9125,5.965,14,1652,1120,1652,11,5.439285714
32,https://insights.blackcoffer.com/ai-tool-alexa-google-assistant-finance-banking-tool-future/,11,2,0.692307639,0.035230352,17.57142857,0.907859079,7.39171506,17.57142857,524,369,524,0,5.991869919
33,https://insights.blackcoffer.com/ai-healthcare-revolution-ml-technology-algorithm-google-analytics-industrialrevolution/,38,30,0.117647057,0.068617558,123.875,0.929364279,49.92174571,123.875,1807,991,1807,14,5.940464178
34,https://insights.blackcoffer.com/all-you-need-to-know-about-online-marketing/,6,0,0.999999833,0.011173184,11.93333333,0.934823091,5.14726257,11.93333333,802,537,802,0,5.497206704
35,https://insights.blackcoffer.com/evolution-of-advertising-industry/,7,3,0.39999996,0.018691589,13.375,0.889719626,5.70588785,13.375,744,535,744,0,5.857943925
36,https://insights.blackcoffer.com/how-data-analytics-can-help-your-business-respond-to-the-impact-of-covid-19/,0,2,-0.9999995,0.016666667,20,0,8,20,0,120,0,2,5.858333333
37,https://insights.blackcoffer.com/covid-19-environmental-impact-for-the-future/,14,33,-0.404255311,0.064560439,14.2745098,0.894230769,6.067496229,14.2745098,1068,728,1068,20,5.557692308
38,https://insights.blackcoffer.com/environmental-impact-of-the-covid-19-pandemic-lesson-for-the-future/,5,39,-0.772727255,0.046808511,17.09090909,0.865957447,7.182746615,17.09090909,1390,940,1390,2,5.711702128
39,https://insights.blackcoffer.com/how-data-analytics-and-ai-are-used-to-halt-the-covid-19-pandemic/,7,9,-0.124999992,0.032989691,17.32142857,0.905154639,7.290633284,17.32142857,745,485,745,4,5.534020619
40,https://insights.blackcoffer.com/difference-between-artificial-intelligence-machine-learning-statistics-and-data-mining/,33,40,-0.09589041,0.059494702,11.25688073,0.920945395,4.871130452,11.25688073,2023,1227,2023,9,5.376528117
41,https://insights.blackcoffer.com/how-python-became-the-first-choice-for-data-science/,17,1,0.88888884,0.037815126,11.06976744,0.905462185,4.790091851,11.06976744,688,476,688,3,5.56302521
42,https://insights.blackcoffer.com/how-google-fit-measure-heart-and-respiratory-rates-using-a-phone/,4,0,0.99999975,0.015444015,16.1875,0.938223938,6.850289575,16.1875,389,259,389,0,5.378378378
43,https://insights.blackcoffer.com/what-is-the-future-of-mobile-apps/,11,7,0.22222221,0.03202847,16.52941176,0.930604982,6.984006699,16.52941176,864,562,864,1,5.147686833
44,https://insights.blackcoffer.com/impact-of-ai-in-health-and-medicine/,3,5,-0.249999969,0.022662889,18.57894737,0.946175637,7.810049202,18.57894737,511,353,511,1,5.560906516
45,https://insights.blackcoffer.com/telemedicine-what-patients-like-and-dislike-about-it/,13,6,0.368421033,0.075396825,9.333333333,0.920634921,4.101587302,9.333333333,406,252,406,0,5.523809524
46,https://insights.blackcoffer.com/how-we-forecast-future-technologies/,2,0,0.9999995,0.018181818,11,0.927272727,4.770909091,11,161,110,161,1,6.045454545
47,https://insights.blackcoffer.com/can-robots-tackle-late-life-loneliness/,15,10,0.199999992,0.042735043,10.63636364,0.936752137,4.629246309,10.63636364,898,585,898,13,4.731623932
48,https://insights.blackcoffer.com/embedding-care-robots-into-society-socio-technical-considerations/,3,0,0.999999667,0.024193548,13.77777778,0.903225806,5.872401434,13.77777778,183,124,183,1,4.814516129
49,https://insights.blackcoffer.com/management-challenges-for-future-digitalization-of-healthcare-services/,13,12,0.039999998,0.049309665,16.35483871,0.915187377,6.908010435,16.35483871,710,507,710,0,6.049309665
50,https://insights.blackcoffer.com/are-we-any-closer-to-preventing-a-nuclear-holocaust/,0,7,-0.999999857,0.076086956,18.4,0.847826087,7.699130435,18.4,145,92,145,3,5.239130435
51,https://insights.blackcoffer.com/will-technology-eliminate-the-need-for-animal-testing-in-drug-development/,6,13,-0.368421033,0.085201793,10.61904762,0.950672646,4.627888106,10.61904762,392,223,392,5,5.33632287
52,https://insights.blackcoffer.com/will-we-ever-understand-the-nature-of-consciousness/,20,38,-0.310344822,0.046774194,16.98630137,0.920967742,7.162907645,16.98630137,1863,1240,1863,15,5.830645161
53,https://insights.blackcoffer.com/will-we-ever-colonize-outer-space/,22,18,0.099999998,0.037950664,15.5,0.929791271,6.571916509,15.5,1818,1054,1818,17,5.483870968
54,https://insights.blackcoffer.com/what-is-the-chance-homo-sapiens-will-survive-for-the-next-500-years/,10,18,-0.285714276,0.026743075,12.92592593,0.921680993,5.539042768,12.92592593,1578,1047,1578,16,5.05921681
55,https://insights.blackcoffer.com/why-does-your-business-need-a-chatbot/,14,5,0.473684186,0.037254902,8.360655738,0.921568627,3.712889746,8.360655738,918,510,918,0,5.041176471
56,https://insights.blackcoffer.com/how-you-lead-a-project-or-a-team-without-any-technical-expertise/,30,6,0.666666648,0.039258451,14.10769231,0.93565976,6.017340827,14.10769231,1543,917,1543,3,4.902944384
57,https://insights.blackcoffer.com/can-you-be-great-leader-without-technical-expertise/,12,6,0.333333315,0.06,18.75,0.953333333,7.881333333,18.75,504,300,504,8,5.03
58,https://insights.blackcoffer.com/how-does-artificial-intelligence-affect-the-environment/,24,13,0.297297289,0.032918149,16.28985507,0.920818505,6.884269431,16.28985507,1695,1124,1695,7,5.602313167
59,https://insights.blackcoffer.com/how-to-overcome-your-fear-of-making-mistakes-2/,10,45,-0.636363625,0.077247191,9.368421053,0.91994382,4.115345949,9.368421053,1089,712,1089,7,4.911516854
60,https://insights.blackcoffer.com/is-perfection-the-greatest-enemy-of-productivity/,31,16,0.319148929,0.06291834,9.828947368,0.921017403,4.299985909,9.828947368,1212,747,1212,5,4.753681392
61,https://insights.blackcoffer.com/global-financial-crisis-2008-causes-effects-and-its-solution/,6,29,-0.657142838,0.050872093,16,0.875,6.75,16,1034,688,1034,2,5.151162791
62,https://insights.blackcoffer.com/gender-diversity-and-equality-in-the-tech-industry/,10,10,0,0.024813896,13.43333333,0.897022333,5.732142266,13.43333333,1150,806,1150,7,5.507444169
63,https://insights.blackcoffer.com/how-to-overcome-your-fear-of-making-mistakes/,10,51,-0.672131137,0.084137931,10.06944444,0.91862069,4.395226054,10.06944444,1111,725,1111,9,4.964137931
64,https://insights.blackcoffer.com/how-small-business-can-survive-the-coronavirus-crisis/,11,11,0,0.051401869,14.75862069,0.890186916,6.259523042,14.75862069,698,428,698,5,5.352803738
65,https://insights.blackcoffer.com/impacts-of-covid-19-on-vegetable-vendors-and-food-stalls/,4,5,-0.111111099,0.048387097,16.90909091,0.940860215,7.13998045,16.90909091,310,186,310,0,5.505376344
66,https://insights.blackcoffer.com/impacts-of-covid-19-on-vegetable-vendors/,3,19,-0.727272694,0.043737574,20.95833333,0.908548708,8.746752816,20.95833333,766,503,766,0,5.89860835
67,https://insights.blackcoffer.com/impact-of-covid-19-pandemic-on-tourism-aviation-industries/,2,30,-0.874999973,0.037691402,15.16071429,0.90459364,6.42612317,15.16071429,1287,849,1287,5,5.401648999
68,https://insights.blackcoffer.com/impact-of-covid-19-pandemic-on-sports-events-around-the-world/,4,127,-0.938931291,0.04531304,14.90206186,0.898650986,6.320285137,14.90206186,3669,2891,3669,0,4.783120028
69,https://insights.blackcoffer.com/changing-landscape-and-emerging-trends-in-the-indian-it-ites-industry/,8,32,-0.599999985,0.035429584,13.76829268,0.900797166,5.867635939,13.76829268,1785,1129,1785,9,5.625332152
70,https://insights.blackcoffer.com/online-gaming-adolescent-online-gaming-effects-demotivated-depression-musculoskeletal-and-psychosomatic-symptoms/,15,36,-0.411764698,0.045698925,18.91525424,0.883512545,7.919506713,18.91525424,1514,1116,1514,0,5.903225806
71,https://insights.blackcoffer.com/human-rights-outlook/,0,0,0,0,12.85714286,0.922222222,5.511746032,12.85714286,152,90,152,2,4.966666667
72,https://insights.blackcoffer.com/how-voice-search-makes-your-business-a-successful-business/,15,2,0.764705837,0.02681388,16.68421053,0.947949527,7.052864021,16.68421053,954,634,954,1,4.917981073
73,https://insights.blackcoffer.com/how-the-covid-19-crisis-is-redefining-jobs-and-services/,22,30,-0.153846151,0.0456942,9.56302521,0.890158172,4.181273353,9.56302521,1883,1138,1883,5,5.550087873
74,https://insights.blackcoffer.com/how-to-increase-social-media-engagement-for-marketers/,14,15,-0.034482757,0.024369748,13.22222222,0.940336134,5.665023343,13.22222222,1831,1190,1831,4,5.279831933
75,https://insights.blackcoffer.com/impacts-of-covid-19-on-streets-sides-food-stalls/,4,18,-0.636363607,0.030095759,15.89130435,0.887824897,6.711651698,15.89130435,1088,731,1088,3,5.413132695
76,https://insights.blackcoffer.com/coronavirus-impact-on-energy-markets-2/,3,47,-0.879999982,0.041186161,20.23333333,0.909390445,8.457089511,20.23333333,1780,1214,1780,1,5.850906096
77,https://insights.blackcoffer.com/coronavirus-impact-on-the-hospitality-industry-5/,4,24,-0.714285689,0.042553191,13.70833333,0.90881459,5.846859169,13.70833333,1008,658,1008,5,5.534954407
78,https://insights.blackcoffer.com/lessons-from-the-past-some-key-learnings-relevant-to-the-coronavirus-crisis-4/,12,38,-0.51999999,0.06281407,10.90410959,0.909547739,4.725462931,10.90410959,1260,796,1260,26,5.316582915
79,https://insights.blackcoffer.com/estimating-the-impact-of-covid-19-on-the-world-of-work-2/,17,24,-0.170731703,0.06083086,18.21621622,0.921364985,7.655032481,18.21621622,1106,674,1106,12,5.854599407
80,https://insights.blackcoffer.com/estimating-the-impact-of-covid-19-on-the-world-of-work-3/,5,26,-0.677419333,0.031536114,17.55357143,0.917599186,7.388468246,17.55357143,1268,983,1268,2,5.330620549
81,https://insights.blackcoffer.com/travel-and-tourism-outlook/,0,1,-0.999999,0.008403361,11.9,0.932773109,5.133109244,11.9,197,119,197,2,4.865546218
82,https://insights.blackcoffer.com/gaming-disorder-and-effects-of-gaming-on-health/,15,25,-0.249999994,0.053262317,12.72881356,0.876165113,5.441991469,12.72881356,1127,751,1127,11,5.2436751
83,https://insights.blackcoffer.com/what-is-the-repercussion-of-the-environment-due-to-the-covid-19-pandemic-situation/,3,20,-0.739130403,0.047131147,14.35294118,0.887295082,6.096094503,14.35294118,658,488,658,4,5.131147541
84,https://insights.blackcoffer.com/what-is-the-repercussion-of-the-environment-due-to-the-covid-19-pandemic-situation-2/,8,43,-0.686274496,0.067282322,15.16,0.897097625,6.42283905,15.16,1127,758,1127,4,6.102902375
85,https://insights.blackcoffer.com/impact-of-covid-19-pandemic-on-office-space-and-co-working-industries/,10,26,-0.444444432,0.054878049,17.72972973,0.888719512,7.447379697,17.72972973,1121,656,1121,6,5.201219512
86,https://insights.blackcoffer.com/contribution-of-handicrafts-visual-arts-literature-in-the-indian-economy/,0,0,0,0,22,0,8.8,22,0,110,0,0,5.490909091
87,https://insights.blackcoffer.com/how-covid-19-is-impacting-payment-preferences/,7,3,0.39999996,0.026525199,13.96296296,0.944297082,5.962904018,13.96296296,578,377,578,1,5.015915119
88,https://insights.blackcoffer.com/how-will-covid-19-affect-the-world-of-work-2/,4,38,-0.80952379,0.066772655,20.96666667,0.885532591,8.740879703,20.96666667,957,629,957,3,5.79809221
89,https://insights.blackcoffer.com/lessons-from-the-past-some-key-learnings-relevant-to-the-coronavirus-crisis/,7,9,-0.124999992,0.038186157,13.96666667,0.914081146,5.952299125,13.96666667,752,419,752,32,4.599045346
90,https://insights.blackcoffer.com/covid-19-how-have-countries-been-responding/,3,40,-0.860465096,0.056953642,16.41304348,0.866225166,6.911707458,16.41304348,1065,755,1065,0,5.516556291
91,https://insights.blackcoffer.com/coronavirus-impact-on-the-hospitality-industry-2/,10,36,-0.565217379,0.067153285,13.17307692,0.877372263,5.620179674,13.17307692,1058,685,1058,0,5.890510949
92,https://insights.blackcoffer.com/how-will-covid-19-affect-the-world-of-work-3/,11,26,-0.405405394,0.049399199,14.40384615,0.895861148,6.119882921,14.40384615,1069,749,1069,2,5.710280374
93,https://insights.blackcoffer.com/coronavirus-impact-on-the-hospitality-industry-3/,5,16,-0.523809499,0.038961039,15.85294118,0.922077922,6.710007639,15.85294118,838,539,838,5,5.60296846
94,https://insights.blackcoffer.com/estimating-the-impact-of-covid-19-on-the-world-of-work/,22,50,-0.388888883,0.070175439,14.86956522,0.90545809,6.310009323,14.86956522,1614,1026,1614,3,5.456140351
95,https://insights.blackcoffer.com/covid-19-how-have-countries-been-responding-2/,12,40,-0.538461528,0.046973803,19.0862069,0.892502258,7.991483662,19.0862069,1534,1107,1534,1,5.495934959
96,https://insights.blackcoffer.com/how-will-covid-19-affect-the-world-of-work-4/,5,22,-0.629629606,0.057446808,47,0.944680851,19.17787234,47,880,470,880,37,5.095744681
97,https://insights.blackcoffer.com/lessons-from-the-past-some-key-learnings-relevant-to-the-coronavirus-crisis-2/,23,57,-0.424999995,0.064620355,18.75757576,0.87641357,7.853595731,18.75757576,1777,1238,1777,7,5.632471729
98,https://insights.blackcoffer.com/lessons-from-the-past-some-key-learnings-relevant-to-the-coronavirus-crisis-3/,9,15,-0.24999999,0.02962963,10.51948052,0.960493827,4.591989739,10.51948052,1352,810,1352,6,4.859259259
99,https://insights.blackcoffer.com/coronavirus-impact-on-the-hospitality-industry-4/,4,14,-0.555555525,0.071146245,16.86666667,0.920948617,7.115046113,16.86666667,349,253,349,1,5.837944664
100,https://insights.blackcoffer.com/why-scams-like-nirav-modi-happen-with-indian-banks/,14,82,-0.708333326,0.061617458,17.90804598,0.878690629,7.514694642,17.90804598,2189,1558,2189,0,5.649550706
101,https://insights.blackcoffer.com/impact-of-covid-19-on-the-global-economy/,9,35,-0.590909077,0.049493813,14.11111111,0.922384702,6.013398325,14.11111111,1641,889,1641,18,5.13048369
102,https://insights.blackcoffer.com/impact-of-covid-19coronavirus-on-the-indian-economy-2/,15,57,-0.583333325,0.0576,14.70588235,0.9136,6.247792941,14.70588235,1831,1250,1831,7,5.2048
103,https://insights.blackcoffer.com/impact-of-covid-19-on-the-global-economy-2/,15,49,-0.531249992,0.051446945,16.58666667,0.922025723,7.003476956,16.58666667,1904,1244,1904,7,5.445337621
104,https://insights.blackcoffer.com/impact-of-covid-19-coronavirus-on-the-indian-economy-3/,10,33,-0.534883708,0.059065934,14.85714286,0.93543956,6.317032967,14.85714286,1088,728,1088,8,5.199175824
105,https://insights.blackcoffer.com/should-celebrities-be-allowed-to-join-politics/,24,24,0,0.038834951,19.61904762,0.894822006,8.20554785,19.61904762,1918,1236,1918,2,5.779935275
106,https://insights.blackcoffer.com/how-prepared-is-india-to-tackle-a-possible-covid-19-outbreak/,7,26,-0.575757558,0.057093426,18.0625,0.916955017,7.591782007,18.0625,894,578,894,2,5.498269896
107,https://insights.blackcoffer.com/how-will-covid-19-affect-the-world-of-work/,3,66,-0.913043465,0.074113856,16.92727273,0.915145005,7.136967093,16.92727273,1402,931,1402,6,5.638023631
108,https://insights.blackcoffer.com/controversy-as-a-marketing-strategy/,2,13,-0.733333284,0.070754717,14.13333333,0.896226415,6.011823899,14.13333333,309,212,309,2,5.141509434
109,https://insights.blackcoffer.com/coronavirus-impact-on-the-hospitality-industry/,0,8,-0.999999875,0.022922636,16.61904762,0.893982808,7.005212171,16.61904762,490,349,490,0,5.547277937
110,https://insights.blackcoffer.com/coronavirus-impact-on-energy-markets/,5,31,-0.722222202,0.029508197,24.89795918,0.913114754,10.32442958,24.89795918,1765,1220,1765,3,5.609836066
111,https://insights.blackcoffer.com/what-are-the-key-policies-that-will-mitigate-the-impacts-of-covid-19-on-the-world-of-work/,29,28,0.017543859,0.045967742,17.71428571,0.924193548,7.455391705,17.71428571,1789,1240,1789,0,5.671774194
112,https://insights.blackcoffer.com/marketing-drives-results-with-a-focus-on-problems/,8,21,-0.448275847,0.028855721,17.03389831,0.930348259,7.185698626,17.03389831,1500,1005,1500,7,5.501492537
113,https://insights.blackcoffer.com/continued-demand-for-sustainability/,11,15,-0.153846148,0.052208835,18.44444444,0.863453815,7.723159304,18.44444444,678,498,678,0,6.214859438
114,https://insights.blackcoffer.com/coronavirus-disease-covid-19-effect-the-impact-and-role-of-mass-media-during-the-pandemic/,3,8,-0.454545413,0.045833333,18.46153846,0.920833333,7.752948718,18.46153846,342,240,342,4,5.65
115,https://insights.blackcoffer.com/should-people-wear-fabric-gloves-seeking-evidence-regarding-the-differential-transfer-of-covid-19-or-coronaviruses-generally-between-surfaces/,3,0,0.999999667,0.014018692,15.28571429,0.920560748,6.482510013,15.28571429,344,214,344,2,4.668224299
116,https://insights.blackcoffer.com/why-is-there-a-severe-immunological-and-inflammatory-explosion-in-those-affected-by-sarms-covid-19/,0,11,-0.999999909,0.046610169,11.8,0.894067797,5.077627119,11.8,413,236,413,2,5.487288136
117,https://insights.blackcoffer.com/what-do-you-think-is-the-lesson-or-lessons-to-be-learned-with-covid-19/,0,5,-0.9999998,0.029411765,24.28571429,0.947058824,10.09310924,24.28571429,253,170,253,3,4.929411765
118,https://insights.blackcoffer.com/coronavirus-the-unexpected-challenge-for-the-european-union/,3,10,-0.538461497,0.077380952,12,0.851190476,5.14047619,12,259,168,259,6,5.458333333
119,https://insights.blackcoffer.com/industrial-revolution-4-0-pros-and-cons/,0,0,0,0,19.71428571,0,7.885714286,19.71428571,0,138,0,0,5.086956522
120,https://insights.blackcoffer.com/impact-of-covid-19-coronavirus-on-the-indian-economy/,4,50,-0.851851836,0.083981337,16.92105263,0.902021773,7.129229762,16.92105263,959,643,959,0,5.493001555
121,https://insights.blackcoffer.com/impact-of-covid-19-coronavirus-on-the-indian-economy-2/,1,15,-0.874999945,0.051118211,20.86666667,0.916932907,8.71343983,20.86666667,491,313,491,3,5.14057508
122,https://insights.blackcoffer.com/impact-of-covid-19coronavirus-on-the-indian-economy/,12,50,-0.612903216,0.049759229,16.83783784,0.910914928,7.099501106,16.83783784,1886,1246,1886,1,5.738362761
123,https://insights.blackcoffer.com/impact-of-covid-19-coronavirus-on-the-global-economy/,3,7,-0.39999996,0.025316456,11.61764706,0.855696203,4.989337305,11.61764706,600,395,600,2,5.73164557
124,https://insights.blackcoffer.com/ensuring-growth-through-insurance-technology/,16,18,-0.058823528,0.042553191,21.59459459,0.916145181,9.00429591,21.59459459,1167,799,1167,2,5.584480601
125,https://insights.blackcoffer.com/blockchain-in-fintech/,4,9,-0.384615355,0.028634361,13.75757576,0.900881057,5.863382726,13.75757576,740,454,740,2,6.074889868
126,https://insights.blackcoffer.com/blockchain-for-payments/,8,17,-0.359999986,0.039308176,13.25,0.90408805,5.66163522,13.25,919,636,919,3,5.98427673
127,https://insights.blackcoffer.com/the-future-of-investing/,21,5,0.615384592,0.033635188,15.7755102,0.905562743,6.672429179,15.7755102,1148,773,1148,1,5.657179819
128,https://insights.blackcoffer.com/big-data-analytics-in-healthcare/,13,35,-0.458333324,0.057831325,12.76923077,0.93373494,5.481186284,12.76923077,1199,830,1199,2,5.526506024
129,https://insights.blackcoffer.com/business-analytics-in-the-healthcare-industry/,14,4,0.555555525,0.046272493,15.56,0.889460154,6.579784062,15.56,573,389,573,0,6.398457584
130,https://insights.blackcoffer.com/challenges-and-opportunities-of-big-data-in-healthcare/,13,41,-0.518518509,0.076271186,10.89230769,0.905367232,4.71906997,10.89230769,1062,708,1062,7,5.709039548
131,https://insights.blackcoffer.com/obstacles-to-data-driven-healthcare/,9,23,-0.437499986,0.046715328,19.57142857,0.890510949,8.184775808,19.57142857,1025,685,1025,3,5.670072993
132,https://insights.blackcoffer.com/monetization-of-data-innovate-to-harvest-the-full-value-of-data/,17,6,0.478260849,0.038983051,14.04761905,0.903389831,5.980403551,14.04761905,830,590,830,0,5.776271186
133,https://insights.blackcoffer.com/traceability-of-information-master-your-data-capital/,9,15,-0.24999999,0.035087719,15.90697674,0.919590643,6.730626955,15.90697674,956,684,956,11,6.263157895
134,https://insights.blackcoffer.com/bank-risk-management-india/,10,18,-0.285714276,0.048442906,12.84444444,0.92733564,5.508712034,12.84444444,886,578,886,0,5.088235294
135,https://insights.blackcoffer.com/advance-analytics-for-refocusing-profits/,34,22,0.21428571,0.061068702,12.91549296,0.919302072,5.533918012,12.91549296,1308,917,1308,0,6.130861505
136,https://insights.blackcoffer.com/role-of-big-data-analytics-banking-and-finance/,6,10,-0.249999984,0.028218695,13.5,0.924162257,5.769664903,13.5,817,567,817,0,5.552028219
137,https://insights.blackcoffer.com/mitigating-bank-risk-management/,5,6,-0.090909083,0.039568345,14.63157895,0.938848921,6.228171147,14.63157895,411,278,411,2,5.334532374
138,https://insights.blackcoffer.com/future-of-bank-risk-management/,8,23,-0.483870952,0.062880324,14.08571429,0.92494929,6.00426543,14.08571429,809,493,809,2,5.689655172
139,https://insights.blackcoffer.com/advanced-analytics-redefining-banking/,19,21,-0.049999999,0.038022814,17.24590164,0.913498099,7.263759895,17.24590164,1635,1052,1635,12,5.882129278
140,https://insights.blackcoffer.com/marketing-analytics-needs/,31,7,0.631578931,0.037962038,13.34666667,0.919080919,5.706299034,13.34666667,1512,1001,1512,6,5.916083916
141,https://insights.blackcoffer.com/big-data-analytics-to-bring-transparency-and-good-governance/,28,14,0.333333325,0.072916667,16.94117647,0.902777778,7.137581699,16.94117647,838,576,838,0,6.105902778
142,https://insights.blackcoffer.com/how-political-leaders-will-shape-tomorrow-using-big-data-analytics/,27,13,0.349999991,0.051813471,20.31578947,0.893782383,8.483828743,20.31578947,1222,772,1222,0,6.242227979
143,https://insights.blackcoffer.com/big-data-and-analytics-to-help-form-political-leaders-win-election/,12,21,-0.272727264,0.05,12.69230769,0.878787879,5.428438228,12.69230769,972,660,972,0,5.886363636
144,https://insights.blackcoffer.com/the-emergence-of-data-analytics/,1,5,-0.666666556,0.013824885,14.96551724,0.935483871,6.360400445,14.96551724,603,434,603,3,5.405529954
145,https://insights.blackcoffer.com/how-artificial-intelligence-can-deliver-real-value-to-companies-2/,25,12,0.351351342,0.036238981,13.43421053,0.892262488,5.730589206,13.43421053,1520,1021,1520,5,5.761018609
146,https://insights.blackcoffer.com/the-prospective-recipe-of-success-in-the-age-of-analytics/,13,17,-0.133333329,0.034285714,13.671875,0.939428571,5.844521429,13.671875,1365,875,1365,4,5.475428571
147,https://insights.blackcoffer.com/using-people-analytics-to-drive-business-performance/,5,9,-0.285714265,0.03286385,13.3125,0.936619718,5.699647887,13.3125,722,426,722,4,5.255868545
148,https://insights.blackcoffer.com/how-artificial-intelligence-can-deliver-real-value-to-companies/,13,26,-0.333333325,0.048267327,13.03225806,0.91460396,5.57874481,13.03225806,1220,808,1220,5,5.73019802
149,https://insights.blackcoffer.com/big-data-analytics-through-iot-in-oil-and-gas-industry/,22,39,-0.27868852,0.054270463,17.5625,0.914590747,7.390836299,17.5625,1581,1124,1581,3,5.814946619
150,https://insights.blackcoffer.com/how-big-data-and-analytics-is-helping-marketing-leaders/,8,4,0.333333306,0.023346303,12.53658537,0.945525292,5.392844263,12.53658537,810,514,810,3,5.587548638
151,https://insights.blackcoffer.com/what-analytics-outsourcing-engagement-model-is-right-for-you/,14,2,0.749999953,0.049535604,14.68181818,0.931888545,6.245482691,14.68181818,491,323,491,0,5.80495356
152,https://insights.blackcoffer.com/big-data-analytics-solving-problems-banking-and-finance-industry/,13,10,0.130434777,0.036163522,12.72,0.910377358,5.452150943,12.72,983,636,983,3,5.668238994
153,https://insights.blackcoffer.com/analytics-healthcare-industry/,15,13,0.071428569,0.056795132,14.93939394,0.918864097,6.343303215,14.93939394,718,493,718,1,6.048681542
154,https://insights.blackcoffer.com/business-analytics-textile-industry/,14,2,0.749999953,0.02962963,21.6,0.890740741,8.996296296,21.6,849,540,849,1,6.148148148
155,https://insights.blackcoffer.com/big-data-marketing-reality/,20,7,0.481481464,0.039073806,15.70454545,0.907380608,6.644770425,15.70454545,1021,691,1021,0,5.432706223
156,https://insights.blackcoffer.com/understanding-millennial-market/,7,5,0.166666653,0.030534351,18.71428571,0.951653944,7.866375863,18.71428571,606,393,606,2,5.717557252
157,https://insights.blackcoffer.com/analytics-helping-fashion-e-tailers-develop-markets-developing-countries/,10,3,0.538461497,0.026315789,14.11428571,0.921052632,6.014135338,14.11428571,734,494,734,1,5.811740891
158,https://insights.blackcoffer.com/big-data-analytics-change-healthcare-developing-countries/,23,5,0.64285712,0.069135802,18.40909091,0.903703704,7.725117845,18.40909091,600,405,600,0,6.185185185
159,https://insights.blackcoffer.com/big-data-analytics-help-voters-know-political-leaders/,8,7,0.066666662,0.031982942,16.17241379,0.897654584,6.828027351,16.17241379,760,469,760,0,5.923240938
160,https://insights.blackcoffer.com/digital-transformation-oil-gas/,7,15,-0.363636347,0.046610169,18.88,0.906779661,7.914711864,18.88,685,472,685,1,5.993644068
161,https://insights.blackcoffer.com/data-analytics-reduce-cost-production/,17,9,0.307692296,0.049429658,22.86956522,0.929657795,9.519689205,22.86956522,809,526,809,0,5.633079848
162,https://insights.blackcoffer.com/gaining-insights-internal-data-retail/,16,5,0.523809499,0.05109489,17.125,0.890510949,7.20620438,17.125,568,411,568,0,6.119221411
163,https://insights.blackcoffer.com/role-big-data-cyber-security/,11,27,-0.42105262,0.071563088,19.66666667,0.898305085,8.225988701,19.66666667,714,531,714,0,6.525423729
164,https://insights.blackcoffer.com/role-big-data-healthcare/,25,44,-0.275362315,0.085927771,16.06,0.916562889,6.790625156,16.06,1123,803,1123,0,6.105853051
165,https://insights.blackcoffer.com/data-driven-dashboards/,3,2,0.19999996,0.008880995,14.43589744,0.91651865,6.140966434,14.43589744,840,563,840,0,5.60035524
166,https://insights.blackcoffer.com/role-big-data-academia/,16,39,-0.418181811,0.050738007,15.26760563,0.914206642,6.47272491,15.26760563,1618,1084,1618,14,5.45202952
167,https://insights.blackcoffer.com/sales-forecasting-in-retail/,17,11,0.214285707,0.0511883,19.53571429,0.925045704,8.184303996,19.53571429,753,547,753,0,5.855575868
168,https://insights.blackcoffer.com/detect-data-exfiltration-over-the-network/,4,38,-0.80952379,0.055263158,14.33962264,0.926315789,6.106375372,14.33962264,1027,760,1027,6,5.731578947
169,https://insights.blackcoffer.com/data-exfiltration/,4,4,0,0.024096385,13.83333333,0.954819277,5.915261044,13.83333333,529,332,529,11,5.262048193
170,https://insights.blackcoffer.com/impacts-of-covid-19-on-vegetable-vendors-and-food-stalls/,4,5,-0.111111099,0.048387097,16.90909091,0.940860215,7.13998045,16.90909091,310,186,310,0,5.505376344
